molecule_chembl_id,canonical_smiles,bioactivity_class,standard_value,MW,LogP,NumHDonors,NumHAcceptors
CHEMBL1256768,N=C(N)c1ccc2oc(/C=C/c3nc4cc(C(=N)N)ccc4[nH]3)cc2c1,active,100.0,344.37800000000004,3.0476400000000012,5.0,4.0
CHEMBL1256768,N=C(N)c1ccc2oc(/C=C/c3nc4cc(C(=N)N)ccc4[nH]3)cc2c1,active,420.0,344.37800000000004,3.0476400000000012,5.0,4.0
CHEMBL3334763,Nc1ncnc2c1ncn2C1=C[C@H](CO)[C@@H](O)[C@H]1O,active,380.0,263.257,-1.4067000000000007,4.0,8.0
CHEMBL3334764,Nc1ncnc2c1ncn2C1=C[C@@H](CO)[C@H](O)[C@@H]1O,active,760.0,263.257,-1.4067000000000007,4.0,8.0
CHEMBL3753489,Nc1nccc2c1ncn2C1=C[C@@H](CO)[C@H](O)[C@@H]1O,active,320.0,262.269,-0.8017000000000005,4.0,7.0
CHEMBL3753637,Nc1nccc2c1ncn2C1=C[C@H](CO)[C@@H](O)[C@H]1O,active,320.0,262.269,-0.8017000000000005,4.0,7.0
CHEMBL2059155,Nc1ncc(Br)c2c1ncn2[C@@H]1C=C(CO)[C@@H](O)[C@H]1O,active,320.0,341.1650000000001,-0.02879999999999988,4.0,7.0
CHEMBL3753746,Nc1ncc(Br)c2c1ncn2C1=C[C@H](CO)[C@@H](O)[C@H]1O,active,100.0,341.1650000000001,-0.039199999999999846,4.0,7.0
CHEMBL3754027,Nc1ncc(Br)c2c1ncn2C1=C[C@@H](CO)[C@H](O)[C@@H]1O,intermediate,3510.0,341.1650000000001,-0.039199999999999846,4.0,7.0
CHEMBL3911379,CCC(CC)OC(=O)[C@H](C)N[P@@](=O)(OC[C@H]1O[C@@](C#N)(c2ccc3c(N)ncnn23)[C@H](O)[C@@H]1O)Oc1ccccc1,active,60.0,588.5580000000002,2.064579999999999,4.0,13.0
CHEMBL2016757,N#C[C@@]1(c2ccc3c(N)ncnn23)O[C@H](CO)[C@@H](O)[C@H]1O,active,770.0,291.267,-1.8567200000000001,4.0,9.0
CHEMBL2016757,N#C[C@@]1(c2ccc3c(N)ncnn23)O[C@H](CO)[C@@H](O)[C@H]1O,inactive,20000.0,291.267,-1.8567200000000001,4.0,9.0
CHEMBL4068210,CCC(CC)COC(=O)[C@H](C)NP(=O)(OC[C@H]1O[C@@](C#N)(c2ccc3c(N)ncnn23)[C@H](O)[C@@H]1O)Oc1ccccc1,active,170.0,602.5850000000002,2.3121799999999997,4.0,13.0
CHEMBL4065616,CCC(CC)COC(=O)[C@H](C)N[P@](=O)(OC[C@H]1O[C@@](C#N)(c2ccc3c(N)ncnn23)[C@H](O)[C@@H]1O)Oc1ccccc1,active,100.0,602.5850000000002,2.3121799999999997,4.0,13.0
CHEMBL4090316,N#C[C@@]1(n2ccc(N)nc2=O)O[C@H](CO)[C@@H](O)[C@H]1O,inactive,50000.0,268.229,-2.885219999999999,4.0,9.0
CHEMBL4069270,CC(C)OC(=O)[C@H](C)NP(=O)(OC[C@H]1O[C@@](C#N)(n2ccc(N)nc2=O)[C@H](O)[C@@H]1O)Oc1ccccc1,inactive,20000.0,537.4660000000002,0.255880000000001,4.0,13.0
CHEMBL3120779,C[C@@]1(O)[C@H](O)[C@@H](CO)O[C@@]1(C#N)c1ccc2c(N)ncnn12,inactive,50000.0,305.294,-1.46662,4.0,9.0
CHEMBL3120789,CCC(CC)COC(=O)[C@H](C)NP(=O)(OC[C@H]1O[C@@](C#N)(c2ccc3c(N)ncnn23)[C@](C)(O)[C@@H]1O)Oc1ccccc1,inactive,27000.0,616.6120000000003,2.70228,4.0,13.0
CHEMBL3120793,CC(C)OC(=O)[C@H](C)N[P@](=O)(OC[C@H]1O[C@@](C#N)(c2ccc3c(N)ncnn23)[C@](C)(O)[C@@H]1OC(=O)C(C)C)Oc1ccccc1,inactive,20000.0,644.6220000000002,2.881380000000001,3.0,14.0
CHEMBL4084735,CCOC(=O)[C@H](Cc1ccccc1)NP(=O)(OC[C@H]1O[C@@](C#N)(c2ccc3c(N)ncnn23)[C@H](O)[C@@H]1O)Oc1ccccc1,intermediate,4380.0,622.5750000000004,2.1186799999999986,4.0,13.0
CHEMBL4101182,CCOC(=O)[C@@H](NP(=O)(OC[C@H]1O[C@@](C#N)(c2ccc3c(N)ncnn23)[C@H](O)[C@@H]1O)Oc1ccccc1)C(C)C,intermediate,7040.0,574.5310000000002,1.5319800000000001,4.0,13.0
CHEMBL4074442,CCOC(=O)[C@H](CC)NP(=O)(OC[C@H]1O[C@@](C#N)(c2ccc3c(N)ncnn23)[C@H](O)[C@@H]1O)Oc1ccccc1,intermediate,8470.0,560.5040000000002,1.2859799999999997,4.0,13.0
CHEMBL4093434,CCOC(=O)[C@H](C)NP(=O)(OC[C@H]1O[C@@](C#N)(c2ccc3c(N)ncnn23)[C@H](O)[C@@H]1O)Oc1ccccc1,intermediate,2425.0,546.4770000000002,0.89588,4.0,13.0
CHEMBL4065821,C[C@H](NP(=O)(OC[C@H]1O[C@@](C#N)(c2ccc3c(N)ncnn23)[C@H](O)[C@@H]1O)Oc1ccccc1)C(=O)OC1CCC1,active,420.0,572.515,1.4284799999999989,4.0,13.0
CHEMBL4064050,CC(C)OC(=O)[C@H](C)NP(=O)(OC[C@H]1O[C@@](C#N)(c2ccc3c(N)ncnn23)[C@H](O)[C@@H]1O)Oc1ccccc1,intermediate,1845.0,560.5040000000002,1.2843799999999999,4.0,13.0
CHEMBL4091811,C[C@H](NP(=O)(OC[C@H]1O[C@@](C#N)(c2ccc3c(N)ncnn23)[C@H](O)[C@@H]1O)Oc1ccccc1)C(=O)OC(C)(C)C,inactive,30410.0,574.5310000000001,1.6744799999999989,4.0,13.0
CHEMBL4072649,C[C@H](NP(=O)(OC[C@H]1O[C@@](C#N)(c2ccc3c(N)ncnn23)[C@H](O)[C@@H]1O)Oc1ccccc1)C(=O)OC1CCCC1,active,633.0,586.5419999999999,1.8185799999999988,4.0,13.0
CHEMBL4099554,CCC(CC)OC(=O)[C@H](C)NP(=O)(OC[C@H]1O[C@@](C#N)(c2ccc3c(N)ncnn23)[C@H](O)[C@@H]1O)Oc1ccccc1,intermediate,1810.0,588.5580000000002,2.064579999999999,4.0,13.0
CHEMBL4083126,C[C@H](NP(=O)(OC[C@H]1O[C@@](C#N)(c2ccc3c(N)ncnn23)[C@H](O)[C@@H]1O)Oc1ccccc1)C(=O)OCC(C)(C)C,active,168.0,588.558,1.9220799999999987,4.0,13.0
CHEMBL4061258,CCC(CC)COC(=O)[C@H](C)N[P@@](=O)(OC[C@H]1O[C@@](C#N)(c2ccc3c(N)ncnn23)[C@H](O)[C@@H]1O)Oc1ccccc1,active,80.0,602.5850000000002,2.3121799999999997,4.0,13.0
CHEMBL4090912,CCC(CC)COC(=O)[C@@H](C)NP(=O)(OC[C@H]1O[C@@](C#N)(c2ccc3c(N)ncnn23)[C@H](O)[C@@H]1O)Oc1ccccc1,active,550.0,602.5850000000002,2.3121799999999997,4.0,13.0
CHEMBL4069927,CCOC(=O)[C@H](C)NP(=O)(N[C@@H](C)C(=O)OCC)OC[C@H]1O[C@@](C#N)(c2ccc3c(N)ncnn23)[C@H](O)[C@@H]1O,inactive,20420.0,569.5120000000005,-0.6419199999999952,5.0,14.0
CHEMBL4098638,CCC(CC)OC(=O)[C@H](C)NP(=O)(N[C@@H](C)C(=O)OC(CC)CC)OC[C@H]1O[C@@](C#N)(c2ccc3c(N)ncnn23)[C@H](O)[C@@H]1O,active,970.0,653.6740000000003,1.6954800000000005,5.0,14.0
CHEMBL2016757,N#C[C@@]1(c2ccc3c(N)ncnn23)O[C@H](CO)[C@@H](O)[C@H]1O,active,780.0,291.267,-1.8567200000000001,4.0,9.0
CHEMBL4068210,CCC(CC)COC(=O)[C@H](C)NP(=O)(OC[C@H]1O[C@@](C#N)(c2ccc3c(N)ncnn23)[C@H](O)[C@@H]1O)Oc1ccccc1,active,120.0,602.5850000000002,2.3121799999999997,4.0,13.0
CHEMBL4065616,CCC(CC)COC(=O)[C@H](C)N[P@](=O)(OC[C@H]1O[C@@](C#N)(c2ccc3c(N)ncnn23)[C@H](O)[C@@H]1O)Oc1ccccc1,active,53.0,602.5850000000002,2.3121799999999997,4.0,13.0
CHEMBL2016758,C[C@@]1(c2ccc3c(N)ncnn23)O[C@H](CO)[C@@H](O)[C@H]1O,inactive,10000.0,280.28400000000005,-1.3604,4.0,8.0
CHEMBL4086934,C#C[C@@]1(c2ccc3c(N)ncnn23)O[C@H](COP(=O)(N[C@@H](C)C(=O)OCC(CC)CC)Oc2ccccc2)[C@@H](O)[C@H]1O,intermediate,3900.0,601.5970000000005,2.4217999999999997,4.0,12.0
CHEMBL4065501,N#C[C@@]1(n2cnc3c(N)ncnc32)O[C@H](CO)[C@@H](O)[C@H]1O,inactive,56000.0,292.255,-2.3022199999999997,4.0,10.0
CHEMBL4090316,N#C[C@@]1(n2ccc(N)nc2=O)O[C@H](CO)[C@@H](O)[C@H]1O,inactive,10000.0,268.229,-2.885219999999999,4.0,9.0
CHEMBL3120779,C[C@@]1(O)[C@H](O)[C@@H](CO)O[C@@]1(C#N)c1ccc2c(N)ncnn12,inactive,10000.0,305.294,-1.46662,4.0,9.0
CHEMBL3120789,CCC(CC)COC(=O)[C@H](C)NP(=O)(OC[C@H]1O[C@@](C#N)(c2ccc3c(N)ncnn23)[C@](C)(O)[C@@H]1O)Oc1ccccc1,inactive,13000.0,616.6120000000003,2.70228,4.0,13.0
CHEMBL3120793,CC(C)OC(=O)[C@H](C)N[P@](=O)(OC[C@H]1O[C@@](C#N)(c2ccc3c(N)ncnn23)[C@](C)(O)[C@@H]1OC(=O)C(C)C)Oc1ccccc1,inactive,40000.0,644.6220000000002,2.881380000000001,3.0,14.0
CHEMBL4084735,CCOC(=O)[C@H](Cc1ccccc1)NP(=O)(OC[C@H]1O[C@@](C#N)(c2ccc3c(N)ncnn23)[C@H](O)[C@@H]1O)Oc1ccccc1,active,587.0,622.5750000000004,2.1186799999999986,4.0,13.0
CHEMBL4101182,CCOC(=O)[C@@H](NP(=O)(OC[C@H]1O[C@@](C#N)(c2ccc3c(N)ncnn23)[C@H](O)[C@@H]1O)Oc1ccccc1)C(C)C,intermediate,3151.0,574.5310000000002,1.5319800000000001,4.0,13.0
CHEMBL4074442,CCOC(=O)[C@H](CC)NP(=O)(OC[C@H]1O[C@@](C#N)(c2ccc3c(N)ncnn23)[C@H](O)[C@@H]1O)Oc1ccccc1,intermediate,1585.0,560.5040000000002,1.2859799999999997,4.0,13.0
CHEMBL4093434,CCOC(=O)[C@H](C)NP(=O)(OC[C@H]1O[C@@](C#N)(c2ccc3c(N)ncnn23)[C@H](O)[C@@H]1O)Oc1ccccc1,active,636.0,546.4770000000002,0.89588,4.0,13.0
CHEMBL4065821,C[C@H](NP(=O)(OC[C@H]1O[C@@](C#N)(c2ccc3c(N)ncnn23)[C@H](O)[C@@H]1O)Oc1ccccc1)C(=O)OC1CCC1,active,88.0,572.515,1.4284799999999989,4.0,13.0
CHEMBL4064050,CC(C)OC(=O)[C@H](C)NP(=O)(OC[C@H]1O[C@@](C#N)(c2ccc3c(N)ncnn23)[C@H](O)[C@@H]1O)Oc1ccccc1,active,367.0,560.5040000000002,1.2843799999999999,4.0,13.0
CHEMBL4091811,C[C@H](NP(=O)(OC[C@H]1O[C@@](C#N)(c2ccc3c(N)ncnn23)[C@H](O)[C@@H]1O)Oc1ccccc1)C(=O)OC(C)(C)C,intermediate,3790.0,574.5310000000001,1.6744799999999989,4.0,13.0
CHEMBL4072649,C[C@H](NP(=O)(OC[C@H]1O[C@@](C#N)(c2ccc3c(N)ncnn23)[C@H](O)[C@@H]1O)Oc1ccccc1)C(=O)OC1CCCC1,active,160.0,586.5419999999999,1.8185799999999988,4.0,13.0
CHEMBL4099554,CCC(CC)OC(=O)[C@H](C)NP(=O)(OC[C@H]1O[C@@](C#N)(c2ccc3c(N)ncnn23)[C@H](O)[C@@H]1O)Oc1ccccc1,active,845.0,588.5580000000002,2.064579999999999,4.0,13.0
CHEMBL4083126,C[C@H](NP(=O)(OC[C@H]1O[C@@](C#N)(c2ccc3c(N)ncnn23)[C@H](O)[C@@H]1O)Oc1ccccc1)C(=O)OCC(C)(C)C,active,92.0,588.558,1.9220799999999987,4.0,13.0
CHEMBL4061258,CCC(CC)COC(=O)[C@H](C)N[P@@](=O)(OC[C@H]1O[C@@](C#N)(c2ccc3c(N)ncnn23)[C@H](O)[C@@H]1O)Oc1ccccc1,active,53.0,602.5850000000002,2.3121799999999997,4.0,13.0
CHEMBL4090912,CCC(CC)COC(=O)[C@@H](C)NP(=O)(OC[C@H]1O[C@@](C#N)(c2ccc3c(N)ncnn23)[C@H](O)[C@@H]1O)Oc1ccccc1,active,518.0,602.5850000000002,2.3121799999999997,4.0,13.0
CHEMBL4069927,CCOC(=O)[C@H](C)NP(=O)(N[C@@H](C)C(=O)OCC)OC[C@H]1O[C@@](C#N)(c2ccc3c(N)ncnn23)[C@H](O)[C@@H]1O,intermediate,9102.0,569.5120000000005,-0.6419199999999952,5.0,14.0
CHEMBL4098638,CCC(CC)OC(=O)[C@H](C)NP(=O)(N[C@@H](C)C(=O)OC(CC)CC)OC[C@H]1O[C@@](C#N)(c2ccc3c(N)ncnn23)[C@H](O)[C@@H]1O,active,678.0,653.6740000000003,1.6954800000000005,5.0,14.0
CHEMBL2016757,N#C[C@@]1(c2ccc3c(N)ncnn23)O[C@H](CO)[C@@H](O)[C@H]1O,inactive,20000.0,291.267,-1.8567200000000001,4.0,9.0
CHEMBL4068210,CCC(CC)COC(=O)[C@H](C)NP(=O)(OC[C@H]1O[C@@](C#N)(c2ccc3c(N)ncnn23)[C@H](O)[C@@H]1O)Oc1ccccc1,active,100.0,602.5850000000002,2.3121799999999997,4.0,13.0
CHEMBL4065616,CCC(CC)COC(=O)[C@H](C)N[P@](=O)(OC[C@H]1O[C@@](C#N)(c2ccc3c(N)ncnn23)[C@H](O)[C@@H]1O)Oc1ccccc1,active,86.0,602.5850000000002,2.3121799999999997,4.0,13.0
CHEMBL4064050,CC(C)OC(=O)[C@H](C)NP(=O)(OC[C@H]1O[C@@](C#N)(c2ccc3c(N)ncnn23)[C@H](O)[C@@H]1O)Oc1ccccc1,active,297.0,560.5040000000002,1.2843799999999999,4.0,13.0
CHEMBL4072649,C[C@H](NP(=O)(OC[C@H]1O[C@@](C#N)(c2ccc3c(N)ncnn23)[C@H](O)[C@@H]1O)Oc1ccccc1)C(=O)OC1CCCC1,active,120.0,586.5419999999999,1.8185799999999988,4.0,13.0
CHEMBL4061258,CCC(CC)COC(=O)[C@H](C)N[P@@](=O)(OC[C@H]1O[C@@](C#N)(c2ccc3c(N)ncnn23)[C@H](O)[C@@H]1O)Oc1ccccc1,active,111.0,602.5850000000002,2.3121799999999997,4.0,13.0
CHEMBL4090912,CCC(CC)COC(=O)[C@@H](C)NP(=O)(OC[C@H]1O[C@@](C#N)(c2ccc3c(N)ncnn23)[C@H](O)[C@@H]1O)Oc1ccccc1,active,729.0,602.5850000000002,2.3121799999999997,4.0,13.0
CHEMBL4084735,CCOC(=O)[C@H](Cc1ccccc1)NP(=O)(OC[C@H]1O[C@@](C#N)(c2ccc3c(N)ncnn23)[C@H](O)[C@@H]1O)Oc1ccccc1,active,270.0,622.5750000000004,2.1186799999999986,4.0,13.0
CHEMBL3596788,COc1nc(N)ncc1-c1cn(COCCO)cn1,inactive,100000.0,265.27299999999997,-0.10270000000000018,2.0,8.0
CHEMBL4093197,CCC(CC)COC(=O)[C@H](C)N[P@](=O)(OCCOCn1cnc(-c2cnc(N)nc2OC)c1)Oc1ccccc1,inactive,29000.0,576.5910000000003,4.066200000000002,2.0,12.0
CHEMBL4065538,COc1nc(N)ncc1-c1cn(COCCOC(C)=O)cn1,inactive,44000.0,307.31,0.46809999999999974,1.0,9.0
CHEMBL3596788,COc1nc(N)ncc1-c1cn(COCCO)cn1,inactive,100000.0,265.27299999999997,-0.10270000000000018,2.0,8.0
CHEMBL4093197,CCC(CC)COC(=O)[C@H](C)N[P@](=O)(OCCOCn1cnc(-c2cnc(N)nc2OC)c1)Oc1ccccc1,inactive,27200.0,576.5910000000003,4.066200000000002,2.0,12.0
CHEMBL3596788,COc1nc(N)ncc1-c1cn(COCCO)cn1,intermediate,2200.0,265.27299999999997,-0.10270000000000018,2.0,8.0
CHEMBL4093197,CCC(CC)COC(=O)[C@H](C)N[P@](=O)(OCCOCn1cnc(-c2cnc(N)nc2OC)c1)Oc1ccccc1,intermediate,7000.0,576.5910000000003,4.066200000000002,2.0,12.0
CHEMBL4065538,COc1nc(N)ncc1-c1cn(COCCOC(C)=O)cn1,inactive,20000.0,307.31,0.46809999999999974,1.0,9.0
CHEMBL2016757,N#C[C@@]1(c2ccc3c(N)ncnn23)O[C@H](CO)[C@@H](O)[C@H]1O,inactive,20000.0,291.267,-1.8567200000000001,4.0,9.0
CHEMBL4065616,CCC(CC)COC(=O)[C@H](C)N[P@](=O)(OC[C@H]1O[C@@](C#N)(c2ccc3c(N)ncnn23)[C@H](O)[C@@H]1O)Oc1ccccc1,active,86.0,602.5850000000002,2.3121799999999997,4.0,13.0
CHEMBL2016757,N#C[C@@]1(c2ccc3c(N)ncnn23)O[C@H](CO)[C@@H](O)[C@H]1O,inactive,20000.0,291.267,-1.8567200000000001,4.0,9.0
CHEMBL4065616,CCC(CC)COC(=O)[C@H](C)N[P@](=O)(OC[C@H]1O[C@@](C#N)(c2ccc3c(N)ncnn23)[C@H](O)[C@@H]1O)Oc1ccccc1,active,140.0,602.5850000000002,2.3121799999999997,4.0,13.0
CHEMBL2016757,N#C[C@@]1(c2ccc3c(N)ncnn23)O[C@H](CO)[C@@H](O)[C@H]1O,intermediate,1500.0,291.267,-1.8567200000000001,4.0,9.0
CHEMBL4065616,CCC(CC)COC(=O)[C@H](C)N[P@](=O)(OC[C@H]1O[C@@](C#N)(c2ccc3c(N)ncnn23)[C@H](O)[C@@H]1O)Oc1ccccc1,active,70.0,602.5850000000002,2.3121799999999997,4.0,13.0
CHEMBL4080961,Nc1nccc2c1ncn2[C@H]1C=C[C@H](O)[C@@H]1O,active,29.5,232.24300000000002,-0.15380000000000027,3.0,6.0
CHEMBL4097787,Nc1ncc(Br)c2c1ncn2[C@H]1C=C[C@H](O)[C@@H]1O,active,8.3,311.139,0.6087,3.0,6.0
CHEMBL4172550,COc1cc(-c2cnc3c(N4C[C@H](C)O[C@H](C)C4)snc3c2)ccc1N,intermediate,2436.0,370.47800000000007,3.5627000000000013,1.0,7.0
CHEMBL4163357,COc1cc(-c2cnc3c(N4CCO[C@H](C)C4)snc3c2)ccc1N,intermediate,4345.0,356.451,3.174200000000001,1.0,7.0
CHEMBL4174075,COc1cc(-c2cnc3c(N4CCO[C@@H](C)C4)snc3c2)ccc1N,intermediate,2728.0,356.451,3.174200000000001,1.0,7.0
CHEMBL4159994,COc1cc(-c2cnc3c(N4CCOC(C)C4)snc3c2)ccc1N,intermediate,2001.0,356.451,3.174200000000001,1.0,7.0
CHEMBL3425867,COc1cc(-c2cnc3c(N4CCOCC4)snc3c2)ccc1N,inactive,11860.0,342.42400000000004,2.7857000000000003,1.0,7.0
CHEMBL2323039,COC(=O)c1ccc(COc2ccccc2CN2CCN(C(=O)CNC(=O)CC34CC5CC(CC(C5)C3)C4)CC2)cc1,active,280.0,573.7340000000003,4.419100000000004,1.0,6.0
CHEMBL4205782,CS(=O)(=O)c1ccc(COc2ccc(Cl)cc2CN2CCN(C(=O)CNC(=O)C3CC34CCC(F)(F)CC4)CC2)cc1,active,210.0,624.1500000000002,4.298500000000003,1.0,6.0
CHEMBL4208258,CS(=O)(=O)c1ccc(CNc2ccc(Cl)cc2CN2CCN(C(=O)CNC(=O)CC3CCC(F)(F)CC3)CC2)cc1,active,12.0,611.1550000000002,4.3316000000000034,2.0,6.0
CHEMBL4203388,CS(=O)(=O)c1ccc(CNc2ccc(Cl)cc2CN2CCN(C(=O)CNC(=O)C3CC34CCC(F)(F)CC4)CC2)cc1,active,9.0,623.1660000000003,4.3316000000000034,2.0,6.0
CHEMBL2323039,COC(=O)c1ccc(COc2ccccc2CN2CCN(C(=O)CNC(=O)CC34CC5CC(CC(C5)C3)C4)CC2)cc1,active,160.0,573.7340000000003,4.419100000000004,1.0,6.0
CHEMBL4205782,CS(=O)(=O)c1ccc(COc2ccc(Cl)cc2CN2CCN(C(=O)CNC(=O)C3CC34CCC(F)(F)CC4)CC2)cc1,active,140.0,624.1500000000002,4.298500000000003,1.0,6.0
CHEMBL4208258,CS(=O)(=O)c1ccc(CNc2ccc(Cl)cc2CN2CCN(C(=O)CNC(=O)CC3CCC(F)(F)CC3)CC2)cc1,active,52.0,611.1550000000002,4.3316000000000034,2.0,6.0
CHEMBL4203388,CS(=O)(=O)c1ccc(CNc2ccc(Cl)cc2CN2CCN(C(=O)CNC(=O)C3CC34CCC(F)(F)CC4)CC2)cc1,active,17.0,623.1660000000003,4.3316000000000034,2.0,6.0
CHEMBL2323039,COC(=O)c1ccc(COc2ccccc2CN2CCN(C(=O)CNC(=O)CC34CC5CC(CC(C5)C3)C4)CC2)cc1,active,590.0,573.7340000000003,4.419100000000004,1.0,6.0
CHEMBL4205782,CS(=O)(=O)c1ccc(COc2ccc(Cl)cc2CN2CCN(C(=O)CNC(=O)C3CC34CCC(F)(F)CC4)CC2)cc1,active,420.0,624.1500000000002,4.298500000000003,1.0,6.0
CHEMBL4208258,CS(=O)(=O)c1ccc(CNc2ccc(Cl)cc2CN2CCN(C(=O)CNC(=O)CC3CCC(F)(F)CC3)CC2)cc1,active,33.0,611.1550000000002,4.3316000000000034,2.0,6.0
CHEMBL4203388,CS(=O)(=O)c1ccc(CNc2ccc(Cl)cc2CN2CCN(C(=O)CNC(=O)C3CC34CCC(F)(F)CC4)CC2)cc1,active,35.0,623.1660000000003,4.3316000000000034,2.0,6.0
CHEMBL4212624,CN[C@@H]1CC[C@H](c2ccc(Cl)c(Cl)c2)c2ccccc21.Cl,intermediate,3000.0,342.69699999999995,5.601400000000004,1.0,1.0
CHEMBL4217574,Clc1ccc(CCCN2CCCC3=C[C@H]4C[C@H](CN5CCCC[C@H]45)[C@@H]32)cc1,intermediate,7100.0,384.9950000000002,5.167600000000005,0.0,2.0
CHEMBL4211634,Clc1cc(Cl)cc(CCCN2CCCC3=C[C@H]4C[C@H](CN5CCCC[C@H]45)[C@@H]32)c1,intermediate,6100.0,419.4400000000002,5.821000000000006,0.0,2.0
CHEMBL4206756,Clc1ccc(CCCN2CCCC3=C[C@H]4C[C@H](CN5CCCC[C@H]45)[C@@H]32)cc1Cl,intermediate,5800.0,419.44000000000017,5.821000000000006,0.0,2.0
CHEMBL4208233,Clc1cc(Cl)cc(CCN2CCCC3=C[C@H]4C[C@H](CN5CCCC[C@H]45)[C@@H]32)c1,intermediate,5700.0,405.41300000000024,5.430900000000006,0.0,2.0
CHEMBL4203360,Clc1ccc(CCN2CCCC3=C[C@H]4C[C@H](CN5CCCC[C@H]45)[C@@H]32)cc1Cl,intermediate,6800.0,405.4130000000001,5.430900000000006,0.0,2.0
CHEMBL4203879,Clc1ccc(CCN2CCCC3=C[C@H]4C[C@H](CN5CCCC[C@H]45)[C@@H]32)cc1,intermediate,6000.0,370.96800000000013,4.777500000000004,0.0,2.0
CHEMBL4215553,O=S(=O)(c1ccc(Cl)cc1)N1CCCC2=C[C@H]3C[C@H](CN4CCCC[C@H]34)[C@@H]21,inactive,21800.0,406.9790000000002,3.923700000000003,0.0,3.0
CHEMBL4217037,N#Cc1cccc(S(=O)(=O)N2CCCC3=C[C@H]4C[C@H](CN5CCCC[C@H]45)[C@@H]32)c1,inactive,69400.0,397.5440000000002,3.141980000000002,0.0,4.0
CHEMBL4212060,O=S(=O)(c1cccs1)N1CCCC2=C[C@H]3C[C@H](CN4CCCC[C@H]34)[C@@H]21,inactive,33200.0,378.56300000000016,3.331800000000002,0.0,4.0
CHEMBL4212614,O=S(=O)(c1cc(Cl)cc(Cl)c1)N1CCCC2=C[C@H]3C[C@H](CN4CCCC[C@H]34)[C@@H]21,inactive,10600.0,441.4240000000003,4.577100000000004,0.0,3.0
CHEMBL4207706,O=S(=O)(c1ccc(Cl)c(Cl)c1)N1CCCC2=C[C@H]3C[C@H](CN4CCCC[C@H]34)[C@@H]21,inactive,24100.0,441.4240000000003,4.577100000000004,0.0,3.0
CHEMBL4206112,O=C(c1ccc(Cl)c(Cl)c1)N1CCCC2=C[C@H]3C[C@H](CN4CCCC[C@H]34)[C@@H]21,inactive,49000.0,405.36900000000026,5.028600000000005,0.0,2.0
CHEMBL4211002,O=C(c1ccc(Cl)cc1)N1CCCC2=C[C@H]3C[C@H](CN4CCCC[C@H]34)[C@@H]21,inactive,34100.0,370.9240000000002,4.375200000000003,0.0,2.0
CHEMBL4211416,O=C(c1cc(Cl)cc(Cl)c1)N1CCCC2=C[C@H]3C[C@H](CN4CCCC[C@H]34)[C@@H]21,inactive,39800.0,405.36900000000026,5.028600000000005,0.0,2.0
CHEMBL4216378,Fc1ccc(CN2CCCC3=C[C@H]4C[C@H](CN5CCCC[C@H]45)[C@@H]32)cc1,inactive,17000.0,340.4860000000001,4.220700000000004,0.0,2.0
CHEMBL4215857,FC(F)(F)Oc1ccc(CN2CCCC3=C[C@H]4C[C@H](CN5CCCC[C@H]45)[C@@H]32)cc1,inactive,10400.0,406.4920000000002,4.980200000000004,0.0,3.0
CHEMBL4204187,C1=C2CCCN(Cc3ccccc3)[C@H]2[C@@H]2C[C@H]1[C@H]1CCCCN1C2,inactive,15200.0,322.4960000000002,4.0816000000000034,0.0,2.0
CHEMBL4202702,COc1cccc(CN2CCCC3=C[C@H]4C[C@H](CN5CCCC[C@H]45)[C@@H]32)c1,inactive,12100.0,352.5220000000001,4.090200000000004,0.0,3.0
CHEMBL4207565,Clc1ccc(CN2CCCC3=C[C@H]4C[C@H](CN5CCCC[C@H]45)[C@@H]32)cc1Cl,intermediate,4800.0,391.3860000000002,5.388400000000005,0.0,2.0
CHEMBL4207052,Clc1cc(Cl)cc(CN2CCCC3=C[C@H]4C[C@H](CN5CCCC[C@H]45)[C@@H]32)c1,intermediate,8100.0,391.3860000000002,5.388400000000005,0.0,2.0
CHEMBL4211932,Clc1ccc(CN2CCCC3=C[C@H]4C[C@H](CN5CCCC[C@H]45)[C@@H]32)c(Cl)c1,intermediate,6600.0,391.3860000000002,5.388400000000005,0.0,2.0
CHEMBL4203365,Cc1ccccc1CN1CCCC2=C[C@H]3C[C@H](CN4CCCC[C@H]34)[C@@H]21,inactive,16600.0,336.52300000000014,4.390020000000004,0.0,2.0
CHEMBL4205951,Clc1ccc(CN2CCCC3=C[C@H]4C[C@H](CN5CCCC[C@H]45)[C@@H]32)cc1,inactive,11900.0,356.94100000000014,4.735000000000004,0.0,2.0
CHEMBL3329704,C1=C2CCCN[C@H]2[C@@H]2C[C@H]1[C@H]1CCCCN1C2,inactive,12400.0,232.37099999999995,2.1690000000000005,1.0,2.0
CHEMBL4285617,Nc1cccc2c1ncn2[C@@H]1C(F)=C(CO)[C@@H](O)[C@H]1O,active,360.0,279.27099999999996,0.11089999999999989,4.0,6.0
CHEMBL4277261,Nc1ccnc2c1ncn2[C@@H]1C=C(CO)[C@@H](O)[C@H]1O,intermediate,4000.0,262.269,-0.7913000000000003,4.0,7.0
CHEMBL4285221,Nc1cccc2c1ncn2[C@@H]1C=C(CO)[C@@H](O)[C@H]1O,intermediate,2000.0,261.281,-0.18629999999999997,4.0,6.0
CHEMBL4541962,COc1ccc(-c2cnc3[nH]cc(NC(=O)c4cccnc4)c3c2)cc1OC,intermediate,4240.0,374.40000000000015,3.894400000000002,2.0,5.0
CHEMBL4439128,COc1ccc(-c2cnc3[nH]cc(C#Cc4cccnc4)c3c2)cc1OC,intermediate,1590.0,355.3970000000001,4.041900000000002,1.0,4.0
CHEMBL516312,N#Cc1ccc(-c2cnc3[nH]cc(NC(=O)c4cccnc4)c3c2)cc1,inactive,10000.0,339.35800000000006,3.7488800000000007,2.0,4.0
CHEMBL221722,NC(=O)c1nc(F)cnc1O,inactive,67000.0,157.10399999999998,-0.5798000000000002,2.0,4.0
CHEMBL1655,CN(C)CCOc1ccc(/C(=C(/CCCl)c2ccccc2)c2ccccc2)cc1,active,970.0,405.969,6.215000000000006,0.0,2.0
CHEMBL4472278,Cl.Cl.Cl.Cl.c1cc(NCCN2CCOCC2)c2ccc3c(ccc4c(NCCN5CCOCC5)ccnc43)c2n1,active,700.0,632.4640000000002,5.111600000000005,2.0,8.0
CHEMBL4586014,Nc1ncnc2c(C[C@@H]3N[C@H](CO)[C@@H](O)[C@H]3O)c[nH]c12,intermediate,3400.0,279.3,-1.862899999999999,6.0,7.0
CHEMBL4068210,CCC(CC)COC(=O)[C@H](C)NP(=O)(OC[C@H]1O[C@@](C#N)(c2ccc3c(N)ncnn23)[C@H](O)[C@@H]1O)Oc1ccccc1,active,60.0,602.5850000000002,2.3121799999999997,4.0,13.0
CHEMBL4472278,Cl.Cl.Cl.Cl.c1cc(NCCN2CCOCC2)c2ccc3c(ccc4c(NCCN5CCOCC5)ccnc43)c2n1,active,700.0,632.4640000000002,5.111600000000005,2.0,8.0
CHEMBL4445585,Cl.Cl.Cl.Cl.c1cc(NCCCCN2CCOCC2)c2ccc3c(ccc4c(NCCN5CCOCC5)ccnc43)c2n1,active,260.0,660.518,5.891800000000007,2.0,8.0
CHEMBL4589472,CCN(CC)CCCC(C)Nc1ccnc2c(NC(C)CCCN(CC)CC)ccnc12,active,780.0,442.69600000000037,5.474600000000005,2.0,6.0
CHEMBL4528301,CCN(CC)CCCC(C)Nc1ccnc2cccnc12,inactive,10000.0,286.42300000000006,3.552200000000002,1.0,4.0
CHEMBL4467176,CCN(CC)CCCNc1ccnc2cccnc12,inactive,10000.0,258.369,2.773600000000001,1.0,4.0
CHEMBL4563048,Clc1ccc2c(NCCCCNc3ccnc4cccnc34)ccnc2c1,intermediate,2870.0,377.8790000000001,5.135600000000003,2.0,5.0
CHEMBL4454384,c1cc(NCCCN2CCOCC2)c2nccc(NCCCN3CCOCC3)c2n1,inactive,10000.0,414.5540000000003,1.8982000000000006,2.0,8.0
CHEMBL4550796,CCN(CC)CCCNc1ccnc2c(NCCCN(CC)CC)ccnc12,intermediate,4820.0,386.5880000000002,3.9174000000000024,2.0,6.0
CHEMBL4435242,CCN(CC)CCNc1ccnc2c(NCCN(CC)CC)ccnc12,inactive,14110.0,358.53400000000016,3.137200000000001,2.0,6.0
CHEMBL4451043,c1cc(NCCCCN2CCOCC2)c2nccc(NCCCCN3CCOCC3)c2n1,intermediate,2240.0,442.60800000000035,2.678400000000001,2.0,8.0
CHEMBL4574120,CCN(CC)CCCNc1ccnc2c1ccc1c2ccc2c(NCCN3CCOCC3)ccnc21.Cl.Cl.Cl.Cl,active,790.0,632.5080000000005,6.511300000000009,2.0,7.0
CHEMBL4452787,Cl.Cl.Cl.Cl.OC(CNc1ccnc2c1ccc1c2ccc2c(NCCN3CCOCC3)ccnc21)CN1CCOCC1,active,600.0,662.49,4.472500000000006,3.0,9.0
CHEMBL4516357,CN(C)CCOCCNc1ccnc2c1ccc1c2ccc2c(NCCOCCN(C)C)ccnc21.Cl.Cl.Cl.Cl,intermediate,3530.0,636.4960000000004,5.603600000000009,2.0,8.0
CHEMBL4465489,Cl.Cl.NCCCCNc1ccnc2c1ccc1c2ccc2c(NCCCCN)ccnc21,inactive,10000.0,475.46800000000036,5.081400000000003,4.0,6.0
CHEMBL4579818,Cl.Cl.Cl.Cl.NCCCNc1ccnc2c1ccc1c2ccc2c(NCCCN)ccnc21,inactive,10000.0,520.3360000000004,5.1448000000000045,4.0,6.0
CHEMBL4472278,Cl.Cl.Cl.Cl.c1cc(NCCN2CCOCC2)c2ccc3c(ccc4c(NCCN5CCOCC5)ccnc43)c2n1,active,550.0,632.4640000000002,5.111600000000005,2.0,8.0
CHEMBL4445585,Cl.Cl.Cl.Cl.c1cc(NCCCCN2CCOCC2)c2ccc3c(ccc4c(NCCN5CCOCC5)ccnc43)c2n1,active,210.0,660.518,5.891800000000007,2.0,8.0
CHEMBL76,CCN(CC)CCCC(C)Nc1ccnc2cc(Cl)ccc12,inactive,16000.0,319.88000000000005,4.810600000000004,1.0,3.0
CHEMBL4565849,Nc1nccc2c1ncn2C1=CC[C@@H](O)[C@H]1O,active,430.0,232.243,-0.020100000000000062,3.0,6.0
CHEMBL4534385,Nc1ncc(Br)c2c1ncn2C1=CC[C@@H](O)[C@H]1O,active,350.0,311.139,0.7424000000000002,3.0,6.0
CHEMBL4528226,Nc1ncc(Br)c2c1ncn2C1=CC[C@H](O)[C@@H]1O,inactive,35110.0,311.139,0.7424000000000002,3.0,6.0
CHEMBL4574399,Nc1nccc2c1ncn2[C@H]1C=C(CO)[C@H](O)[C@@H]1O,active,8.7,262.269,-0.7913000000000003,4.0,7.0
CHEMBL4473489,Nc1ncc(Br)c2c1ncn2[C@H]1C=C(CO)[C@H](O)[C@@H]1O,active,4.2,341.1650000000001,-0.02879999999999988,4.0,7.0
CHEMBL221722,NC(=O)c1nc(F)cnc1O,active,18.6,157.10399999999998,-0.5798000000000002,2.0,4.0
